organization_name,company_type,industry,official_domain,source_type,source_url,official_entrypoint_url,admission_evidence,adapter_name,parser_config,is_active
拼多多,private,互联网/科技,pddglobalhr.com,api,https://careers.pddglobalhr.com/campus/grad,,T3 stable source P11; work/phase-02-pinduoduo-title-mapping-correction.json; official page https://careers.pddglobalhr.com/campus/grad; official recruitment page and endpoint were validated,json_api,"{""batch"":{""deadline"":"""",""identity_key"":""phase-02:p11"",""official_page_url"":""https://careers.pddglobalhr.com/campus/grad"",""published_on"":"""",""recruitment_type"":""campus_recruitment"",""target_audience"":""应届毕业生"",""title"":""拼多多校园招聘""},""body"":{""t"":null},""body_encoding"":""json"",""endpoint"":""https://careers.pddglobalhr.com/api/careers/api/recruit/position/list"",""field_map"":{""location"":""workLocation"",""position_key"":""id"",""title"":""name""},""headers"":{},""list_path"":""result.list"",""method"":""POST"",""pagination"":{""max_pages"":100,""mode"":""page_index"",""page_param"":""page"",""page_size"":10,""size_param"":""pageSize"",""start_page"":1,""total_kind"":""items""},""request_delay_seconds"":1,""row_filters"":[],""stop_on_short_page"":true}",false
理想汽车,private,汽车,lixiang.com,api,https://www.lixiang.com/employ/campus/list.html,,T3 stable source P20; work/phase-02-t3-api-acceptance-cycle-03.json; official page https://www.lixiang.com/employ/campus/list.html; official recruitment page and endpoint were validated,json_api,"{""batch"":{""deadline"":"""",""identity_key"":""phase-02:p20"",""official_page_url"":""https://www.lixiang.com/employ/campus/list.html"",""published_on"":"""",""recruitment_type"":""campus_recruitment"",""target_audience"":""应届毕业生/实习生"",""title"":""理想汽车校园招聘""},""body_encoding"":""query"",""endpoint"":""https://api-web.lixiang.com/osd-hr-recruitment-website/v1/recruit/school/job-page"",""field_map"":{""location"":""location_title"",""position_key"":""id"",""title"":""title""},""headers"":{},""list_path"":""data.items"",""method"":""GET"",""pagination"":{""max_pages"":100,""mode"":""page_index"",""page_param"":""page"",""page_size"":10,""size_param"":""page_size"",""start_page"":1,""total_kind"":""pages""},""params"":{},""request_delay_seconds"":1,""row_filters"":[],""total_path"":""data.total_pages""}",false
中国中车集团有限公司,state_owned,轨道交通/制造,crrcgc.cc,ats,https://sp.wintalent.cn/CRRC/homeMobile/index.html,https://www.crrcgc.cc/,T3 stable source S08; work/phase-02-t3-api-acceptance-cycle-03.json; official page https://sp.wintalent.cn/CRRC/homeMobile/index.html; official recruitment page and endpoint were validated,ats_json_api,"{""batch"":{""deadline"":"""",""identity_key"":""phase-02:s08"",""official_page_url"":""https://sp.wintalent.cn/CRRC/homeMobile/index.html"",""published_on"":"""",""recruitment_type"":""campus_recruitment"",""target_audience"":""应届毕业生"",""title"":""中国中车集团有限公司校园招聘""},""body"":{""coordinateLat"":"""",""coordinateLng"":"""",""recruitType"":""1""},""body_encoding"":""form"",""endpoint"":""https://wecruit.hotjob.cn/wecruit/positionInfo/listPosition/SU64d480906202cc36e27a5fd8?iSaJAx=isAjax&request_locale=zh_CN"",""field_map"":{""location"":""workPlaceStr"",""position_key"":""postId"",""title"":""postName""},""headers"":{},""list_path"":""data.pageForm.pageData"",""method"":""POST"",""pagination"":{""max_pages"":100,""mode"":""page_index"",""page_param"":""currentPage"",""page_size"":10,""size_param"":""pageSize"",""start_page"":1,""total_kind"":""pages""},""request_delay_seconds"":1,""row_filters"":[],""total_path"":""data.pageForm.totalPage""}",false
vivo,private,消费电子/科技,vivo.com,api,https://hr-campus.vivo.com/jobs?1=%5B%7B%22id%22%3A%222%22%2C%22label%22%3A%22%E7%A7%8B%E5%AD%A3%E6%A0%A1%E5%9B%AD%E6%8B%9B%E8%81%98%22%7D%5D,,T3 stable source P13; work/phase-02-t3-api-acceptance-cycle-06-beisen.json; official page https://hr-campus.vivo.com/jobs?1=%5B%7B%22id%22%3A%222%22%2C%22label%22%3A%22%E7%A7%8B%E5%AD%A3%E6%A0%A1%E5%9B%AD%E6%8B%9B%E8%81%98%22%7D%5D; official recruitment page and endpoint were validated,json_api,"{""batch"":{""deadline"":"""",""identity_key"":""phase-02:p13"",""official_page_url"":""https://hr-campus.vivo.com/jobs?1=%5B%7B%22id%22%3A%222%22%2C%22label%22%3A%22%E7%A7%8B%E5%AD%A3%E6%A0%A1%E5%9B%AD%E6%8B%9B%E8%81%98%22%7D%5D"",""published_on"":"""",""recruitment_type"":""campus_recruitment"",""target_audience"":""2027届"",""title"":""vivo校园招聘""},""body"":{""ClassificationOne"":[""2""],""DisplayFields"":[""Category"",""LocId"",""HeadCount"",""WorkWeChatQrCode""],""KeyWords"":"""",""PageIndex"":0,""PageSize"":20,""PortalId"":"""",""SpecialType"":0},""body_encoding"":""json"",""endpoint"":""https://hr-campus.vivo.com/api/Jobad/GetJobAdPageList"",""field_map"":{""location"":""LocNames"",""position_key"":""JobAdId"",""title"":""JobAdName"",""updated_at"":""ChangeDate""},""headers"":{},""list_path"":""Data"",""method"":""POST"",""pagination"":{""max_pages"":100,""mode"":""page_index"",""page_param"":""PageIndex"",""page_size"":20,""size_param"":""PageSize"",""start_page"":0,""total_kind"":""items""},""request_delay_seconds"":1,""row_filters"":[],""success"":{""expect"":200,""path"":""Code""},""total_path"":""Count""}",false
美团,private,互联网/科技,meituan.com,api,https://zhaopin.meituan.com/,,T3 stable source P08; work/phase-02-t3-api-acceptance-cycle-07-meituan.json; official page https://zhaopin.meituan.com/; official recruitment page and endpoint were validated,json_api,"{""batch"":{""deadline"":"""",""identity_key"":""phase-02:p08"",""official_page_url"":""https://zhaopin.meituan.com/"",""published_on"":"""",""recruitment_type"":""internship"",""target_audience"":""实习生"",""title"":""美团实习招聘""},""batch_partitions"":[{""batch"":{""deadline"":"""",""identity_key"":""official-project:meituan:special:6"",""official_page_url"":""https://zhaopin.meituan.com/"",""published_on"":"""",""recruitment_type"":""internship"",""target_audience"":""在校生及实习生"",""title"":""美团日常实习招聘""},""row_filters"":[{""equals_any"":[""6""],""path"":""jobSpecialCode""}]},{""batch"":{""deadline"":"""",""identity_key"":""official-project:meituan:special:8"",""official_page_url"":""https://zhaopin.meituan.com/"",""published_on"":"""",""recruitment_type"":""internship"",""target_audience"":""在校生及实习生"",""title"":""美团 LongCat 实习招聘""},""row_filters"":[{""equals_any"":[""8""],""path"":""jobSpecialCode""}]},{""batch"":{""deadline"":"""",""identity_key"":""official-project:meituan:special:3"",""official_page_url"":""https://zhaopin.meituan.com/"",""published_on"":"""",""recruitment_type"":""internship"",""target_audience"":""在校生及实习生"",""title"":""美团北斗实习招聘""},""row_filters"":[{""equals_any"":[""3""],""path"":""jobSpecialCode""}]}],""body"":{""cityList"":[],""department"":[],""jfJgList"":[],""jobShareType"":""1"",""jobType"":[{""code"":""1"",""subCode"":[]},{""code"":""2"",""subCode"":[]}],""keywords"":"""",""page"":{""pageNo"":2,""pageSize"":10},""r_query_id"":""178780459568670203468"",""specialCode"":[],""typeCode"":[],""u_query_id"":""6dd23e48564efdb3aeabc32093fac65c""},""body_encoding"":""json"",""endpoint"":""https://job.meituan.com/api/official/job/getJobList"",""field_map"":{""location"":""cityList[].name"",""position_key"":""jobUnionId"",""title"":""name""},""headers"":{},""list_path"":""data.list"",""method"":""POST"",""pagination"":{""max_pages"":100,""mode"":""page_index"",""page_param"":""page.pageNo"",""page_size"":10,""size_param"":""page.pageSize"",""start_page"":1,""total_kind"":""pages""},""request_delay_seconds"":1,""row_filters"":[],""total_path"":""data.page.totalPage""}",false
百度,private,互联网/科技,baidu.com,api,https://talent.baidu.com/jobs?recruitType=GRADUATE,,T3 stable source P06; work/phase-02-t3-api-acceptance-cycle-11-public-family.json; official page https://talent.baidu.com/jobs?recruitType=GRADUATE; official recruitment page and endpoint were validated,json_api,"{""batch"":{""deadline"":"""",""identity_key"":""phase-02:p06"",""official_page_url"":""https://talent.baidu.com/jobs?recruitType=GRADUATE"",""published_on"":"""",""recruitment_type"":""campus_recruitment"",""target_audience"":""应届毕业生"",""title"":""百度校园招聘""},""body"":{""curPage"":""1"",""keyWord"":"""",""pageSize"":""20"",""recruitType"":""GRADUATE""},""body_encoding"":""form"",""endpoint"":""https://talent.baidu.com/httservice/getPostListNew"",""field_map"":{""location"":""workPlace"",""position_key"":""postId"",""title"":""name"",""updated_at"":""updateDate""},""headers"":{""Accept"":""application/json"",""Referer"":""https://talent.baidu.com/jobs?recruitType=GRADUATE""},""list_path"":""data.list"",""method"":""POST"",""pagination"":{""max_pages"":10,""mode"":""page_index"",""page_param"":""curPage"",""page_size"":20,""size_param"":""pageSize"",""start_page"":1,""total_kind"":""items""},""request_delay_seconds"":1,""row_filters"":[],""success"":{""expect"":""ok"",""path"":""status""},""total_path"":""data.total""}",false
京东,private,电商/物流/科技,jd.com,api,https://campus.jd.com/,,T3 stable source P07; work/phase-02-t3-api-acceptance-cycle-11-public-family.json; official page https://campus.jd.com/; official recruitment page and endpoint were validated,json_api,"{""batch"":{""deadline"":"""",""identity_key"":""phase-02:p07"",""official_page_url"":""https://campus.jd.com/"",""published_on"":"""",""recruitment_type"":""campus_recruitment"",""target_audience"":""应届毕业生"",""title"":""京东校园招聘""},""batch_partitions"":[{""batch"":{""deadline"":"""",""identity_key"":""official-project:jd:plan:56"",""official_page_url"":""https://campus.jd.com/"",""published_on"":"""",""recruitment_type"":""special_program"",""target_audience"":""2026年10月至2027年9月毕业的应届毕业生"",""title"":""京东 JDS-新星计划""},""row_filters"":[{""equals_any"":[56],""path"":""planId""}]},{""batch"":{""deadline"":"""",""identity_key"":""official-project:jd:plan:57"",""official_page_url"":""https://campus.jd.com/"",""published_on"":"""",""recruitment_type"":""special_program"",""target_audience"":""2026年10月至2027年9月毕业的应届毕业生"",""title"":""京东 TET-管理培训生""},""row_filters"":[{""equals_any"":[57],""path"":""planId""}]},{""batch"":{""deadline"":"""",""identity_key"":""official-project:jd:plan:58"",""official_page_url"":""https://campus.jd.com/"",""published_on"":"""",""recruitment_type"":""special_program"",""target_audience"":""2026年10月至2027年9月毕业的应届毕业生"",""title"":""京东 新锐之星""},""row_filters"":[{""equals_any"":[58],""path"":""planId""}]}],""body"":{""pageIndex"":0,""pageSize"":100,""parameter"":{""jobDirectionCodeList"":[],""planIdList"":[],""positionDeptList"":[],""positionName"":"""",""workCityCodeList"":[]}},""body_encoding"":""json"",""endpoint"":""https://campus.jd.com/api/wx/position/page?type=present"",""field_map"":{""location"":""requirementVoList[].workCity"",""position_key"":""publishId"",""title"":""positionName""},""headers"":{""Accept"":""application/json"",""Referer"":""https://campus.jd.com/""},""list_path"":""body.items"",""method"":""POST"",""pagination"":{""max_pages"":5,""mode"":""page_index"",""page_param"":""pageIndex"",""page_size"":100,""size_param"":""pageSize"",""start_page"":0,""total_kind"":""items""},""request_delay_seconds"":1,""row_filters"":[],""success"":{""expect"":true,""path"":""success""},""total_path"":""body.totalNumber""}",false
网易,private,互联网/游戏,163.com,api,https://hr.163.com/job-list.html?workType=1,,T3 stable source P10; work/phase-02-t3-api-acceptance-cycle-11-public-family.json; official page https://hr.163.com/job-list.html?workType=1; official recruitment page and endpoint were validated,json_api,"{""batch"":{""deadline"":"""",""identity_key"":""phase-02:p10"",""official_page_url"":""https://hr.163.com/job-list.html?workType=1"",""published_on"":"""",""recruitment_type"":""campus_recruitment"",""target_audience"":""应届毕业生"",""title"":""网易校园招聘""},""body"":{""currentPage"":1,""keyword"":"""",""pageSize"":200,""workType"":""1""},""body_encoding"":""json"",""endpoint"":""https://hr.163.com/api/hr163/position/queryPage"",""field_map"":{""location"":""workPlaceNameList[]"",""position_key"":""id"",""title"":""name"",""updated_at"":""updateTime""},""headers"":{""Accept"":""application/json"",""Referer"":""https://hr.163.com/""},""list_path"":""data.list"",""method"":""POST"",""pagination"":{""max_pages"":5,""mode"":""page_index"",""page_param"":""currentPage"",""page_size"":200,""size_param"":""pageSize"",""start_page"":1,""total_kind"":""items""},""request_delay_seconds"":1,""row_filters"":[{""equals_any"":[""1""],""path"":""workType""}],""success"":{""expect"":200,""path"":""code""},""total_path"":""data.total""}",false
顺丰,private,物流/供应链,sf-express.com,api,https://campus.sf-express.com/,,T3 stable source P18; work/phase-02-t3-api-acceptance-cycle-11-public-family.json; official page https://campus.sf-express.com/; official recruitment page and endpoint were validated,json_api,"{""batch"":{""deadline"":"""",""identity_key"":""phase-02:p18"",""official_page_url"":""https://campus.sf-express.com/"",""published_on"":"""",""recruitment_type"":""campus_recruitment"",""target_audience"":""应届毕业生"",""title"":""顺丰校园招聘""},""body_encoding"":""query"",""endpoint"":""https://campus.sf-express.com/api/web/position/query"",""field_map"":{""location"":""demandCity||recruitCity"",""position_key"":""id"",""title"":""positionName""},""headers"":{""Accept"":""application/json"",""Origin"":""https://campus.sf-express.com"",""Referer"":""https://campus.sf-express.com/"",""cr-service"":""https%3A%2F%2Fcampus.sf-express.com%2F""},""list_path"":""list"",""method"":""GET"",""pagination"":{""max_pages"":5,""mode"":""page_index"",""page_param"":""pageNum"",""page_size"":100,""size_param"":""pageSize"",""start_page"":1,""total_kind"":""items""},""params"":{""pageNum"":1,""pageSize"":100},""request_delay_seconds"":1,""row_filters"":[{""equals_any"":[""1"",""2"",""3""],""path"":""seasonType""}],""total_path"":""total""}",false
OPPO,private,消费电子/科技,oppo.com,api,https://careers.oppo.com/,,T3 stable source P12; work/phase-02-t3-api-acceptance-cycle-12-oppo.json; official page https://careers.oppo.com/; official recruitment page and endpoint were validated,json_api,"{""batch"":{""deadline"":"""",""identity_key"":""phase-02:p12"",""official_page_url"":""https://careers.oppo.com/"",""published_on"":"""",""recruitment_type"":""campus_recruitment"",""target_audience"":""应届毕业生"",""title"":""OPPO校园招聘""},""body"":{""pageNum"":1,""pageSize"":100,""recruitmentType"":""Graduate""},""body_encoding"":""json"",""endpoint"":""https://careers.oppo.com/openapi/position/pageNew"",""field_map"":{""location"":""workCityName||workCityVOList[].workCityName"",""position_key"":""idRecruitPosition"",""title"":""positionName""},""headers"":{""Accept"":""application/json"",""Origin"":""https://careers.oppo.com"",""Referer"":""https://careers.oppo.com/""},""list_path"":""data.records"",""method"":""POST"",""pagination"":{""max_pages"":5,""mode"":""page_index"",""page_param"":""pageNum"",""page_size"":100,""size_param"":""pageSize"",""start_page"":1,""total_kind"":""items""},""request_delay_seconds"":1,""row_filters"":[{""equals_any"":[""Graduate""],""path"":""recruitmentType""}],""success"":{""expect"":0,""path"":""code""},""total_path"":""data.total""}",false
腾讯,private,互联网/科技,qq.com,api,https://join.qq.com/post.html,,T3 stable source P01; work/phase-02-t3-api-acceptance-cycle-14-tencent-offline.json; official page https://join.qq.com/post.html; official recruitment page and endpoint were validated,json_api,"{""batch"":{""deadline"":"""",""identity_key"":""phase-02:p01"",""official_page_url"":""https://join.qq.com/post.html"",""published_on"":"""",""recruitment_type"":""campus_recruitment"",""target_audience"":""2027届"",""title"":""腾讯校园招聘""},""batch_partitions"":[{""batch"":{""deadline"":"""",""identity_key"":""official-project:tencent:project:1"",""official_page_url"":""https://join.qq.com/post.html"",""published_on"":"""",""recruitment_type"":""campus_recruitment"",""target_audience"":""毕业时间为2026年1月至2027年12月"",""title"":""腾讯应届毕业生招聘""},""row_filters"":[{""equals_any"":[1],""path"":""projectId""}]},{""batch"":{""deadline"":"""",""identity_key"":""official-project:tencent:project:14"",""official_page_url"":""https://join.qq.com/post.html"",""published_on"":"""",""recruitment_type"":""special_program"",""target_audience"":""毕业时间为2026年1月至2027年12月"",""title"":""腾讯青云计划（应届生）""},""row_filters"":[{""equals_any"":[14],""path"":""projectId""}]},{""batch"":{""deadline"":"""",""identity_key"":""official-project:tencent:project:9"",""official_page_url"":""https://join.qq.com/post.html"",""published_on"":"""",""recruitment_type"":""special_program"",""target_audience"":""毕业时间为2026年1月至2027年12月"",""title"":""腾讯 AI 产品经理培训生""},""row_filters"":[{""equals_any"":[9],""path"":""projectId""}]}],""body"":{""bgList"":[],""keyword"":"""",""pageIndex"":1,""pageSize"":100,""positionFidList"":[],""projectIdList"":[],""projectMappingIdList"":[1,14,9],""recruitCityList"":[],""workCityList"":[],""workCountryType"":0},""body_encoding"":""json"",""endpoint"":""https://join.qq.com/api/v1/position/searchPosition"",""field_map"":{""location"":""workCities"",""position_key"":""postId"",""title"":""positionTitle""},""headers"":{""Accept"":""application/json"",""Origin"":""https://join.qq.com"",""Referer"":""https://join.qq.com/post.html""},""list_path"":""data.positionList"",""method"":""POST"",""pagination"":{""max_pages"":10,""mode"":""page_index"",""page_param"":""pageIndex"",""page_size"":100,""size_param"":""pageSize"",""start_page"":1,""total_kind"":""items""},""request_delay_seconds"":1,""row_filters"":[],""success"":{""expect"":0,""path"":""status""},""total_path"":""data.count""}",false
宁德时代,private,新能源/制造,catl.com,ats,https://app.mokahr.com/campus-recruitment/catlhr/148948#/,https://talent.catl.com/,T3 stable source P15; work/phase-02-t3-api-acceptance-cycle-15-catl.json; official page https://app.mokahr.com/campus-recruitment/catlhr/148948#/; official recruitment page and endpoint were validated,moka_public_api,"{""batch"":{""deadline"":"""",""identity_key"":""phase-02:p15"",""official_page_url"":""https://app.mokahr.com/campus-recruitment/catlhr/148948#/"",""published_on"":"""",""recruitment_type"":""campus_recruitment"",""target_audience"":""2027届"",""title"":""宁德时代校园招聘""},""max_pages"":10,""mode"":""campus"",""org_id"":""catlhr"",""page_size"":100,""request_delay_seconds"":1,""site_id"":148948}",false
比亚迪,private,新能源汽车/制造,byd.com,api,https://job.byd.com/portal/mobile/school-home,,T3 stable source P19; work/phase-02-t3-api-acceptance-cycle-16-seven-sources.json; official page https://job.byd.com/portal/mobile/school-home; 比亚迪官方招聘站公开的 2027 届应届生招聘通道,json_api,"{""batch"":{""deadline"":"""",""identity_key"":""phase-02:p19"",""official_page_url"":""https://job.byd.com/portal/mobile/school-home"",""published_on"":"""",""recruitment_type"":""campus_recruitment"",""target_audience"":""2027届"",""title"":""比亚迪校园招聘""},""body"":{""abroad"":""00112"",""batch"":""2027"",""campusNature"":""008501"",""degree"":"""",""jobType"":[],""keywords"":"""",""pageIndex"":1,""pageSize"":100,""researchDirection"":[],""topicCode"":""2076475538687475714"",""workPlace"":[]},""body_encoding"":""json"",""endpoint"":""https://job.byd.com/portal/api/portal-api/schoolPortal/queryPositionList"",""field_map"":{""location"":""workPlace"",""position_key"":""id"",""title"":""jobName"",""updated_at"":""updateTime""},""headers"":{""Accept"":""application/json"",""Referer"":""https://job.byd.com/""},""list_path"":""data"",""method"":""POST"",""pagination"":{""max_pages"":10,""mode"":""page_index"",""page_param"":""pageIndex"",""page_size"":100,""size_param"":""pageSize"",""start_page"":1,""total_kind"":""items""},""request_delay_seconds"":1,""row_filters"":[],""success"":{""expect"":0,""path"":""code""},""total_path"":""page.totalCount""}",false
中国电信集团有限公司,state_owned,通信,chinatelecom.com.cn,api,https://job.chinatelecom.com.cn/wt/TELE/web/postinquiry,,T3 stable source S03; work/phase-02-t3-api-acceptance-cycle-16-seven-sources.json; official page https://job.chinatelecom.com.cn/wt/TELE/web/postinquiry; 中国电信官网招聘入口直达同域公开岗位查询页,json_api,"{""batch"":{""deadline"":"""",""identity_key"":""phase-02:s03"",""official_page_url"":""https://job.chinatelecom.com.cn/wt/TELE/web/postinquiry"",""published_on"":"""",""recruitment_type"":""campus_recruitment"",""target_audience"":""应届毕业生"",""title"":""中国电信集团有限公司校园招聘""},""body"":{""jobCategory"":"""",""keyWord"":"""",""org"":""581617"",""postName"":"""",""recruitProject"":"""",""recruitType"":""1"",""rowIndex"":""1"",""rowSize"":""50"",""workPlace"":""""},""body_encoding"":""form"",""endpoint"":""https://job.chinatelecom.com.cn/wt/TELE/web/mode400/position/list"",""field_map"":{""location"":""WorkPlace"",""position_key"":""PostId"",""title"":""PostName""},""headers"":{""Accept"":""application/json"",""Referer"":""https://job.chinatelecom.com.cn/wt/TELE/web/postinquiry""},""list_path"":""data.details"",""method"":""POST"",""pagination"":{""max_pages"":5,""mode"":""page_index"",""page_param"":""rowIndex"",""page_size"":50,""size_param"":""rowSize"",""start_page"":1,""total_kind"":""items""},""request_delay_seconds"":1,""row_filters"":[{""equals_any"":[""校园招聘""],""path"":""RecruitTypeName""}],""success"":{""expect"":""00"",""path"":""code""},""total_path"":""data.rowCount""}",false
中国联合网络通信集团有限公司,state_owned,通信,chinaunicom.com.cn,ats,https://zglt.zhaopin.com/,https://www.chinaunicom.com.cn/46/menu01/528/column06,T3 stable source S04; work/phase-02-t3-api-acceptance-cycle-16-seven-sources.json; official page https://zglt.zhaopin.com/; 中国联通官方招聘入口跳转到智联招聘承载的 2027 校园招聘专题，companyOutId=105347,ats_json_api,"{""batch"":{""deadline"":"""",""identity_key"":""phase-02:s04"",""official_page_url"":""https://zglt.zhaopin.com/"",""published_on"":"""",""recruitment_type"":""campus_recruitment"",""target_audience"":""2027届"",""title"":""中国联合网络通信集团有限公司校园招聘""},""body"":{""campusParentDepartmentIds"":"""",""customTags"":"""",""jobSource"":2,""jobTypes"":"""",""orgDepartmentIds"":[],""orgNumbers"":[""105347""],""pageIndex"":1,""pageSize"":100,""priorityMajors"":"""",""workRegionIds"":""""},""body_encoding"":""json"",""endpoint"":""https://fe.zhaopin.com/grace/api/dsc/search-job-list"",""field_map"":{""location"":""job.cityName||job.address"",""position_key"":""job.id"",""title"":""job.title"",""updated_at"":""job.modifiedTime""},""headers"":{""Accept"":""application/json"",""Origin"":""https://webapp.zhaopin.com"",""Referer"":""https://webapp.zhaopin.com/""},""list_path"":""data.jobList"",""method"":""POST"",""pagination"":{""max_pages"":40,""mode"":""page_index"",""page_param"":""pageIndex"",""page_size"":100,""size_param"":""pageSize"",""start_page"":1,""total_kind"":""items""},""request_delay_seconds"":1,""row_filters"":[],""success"":{""expect"":200,""path"":""code""},""total_path"":""data.pageInfo.totalNum""}",false
亚马逊中国,foreign,电商/云计算,amazon.jobs,api,https://www.amazon.jobs/en/search?base_query=intern,,T3 stable source F02; work/phase-02-t3-api-acceptance-cycle-16-seven-sources.json; official page https://www.amazon.jobs/en/search?base_query=intern; Amazon.jobs 官方公开职位搜索；完整遍历 intern 结果后仅保留 country_code=CHN,json_api,"{""batch"":{""deadline"":"""",""identity_key"":""phase-02:f02"",""official_page_url"":""https://www.amazon.jobs/en/search?base_query=intern"",""published_on"":"""",""recruitment_type"":""internship"",""target_audience"":""实习生"",""title"":""亚马逊中国实习招聘""},""body_encoding"":""query"",""endpoint"":""https://www.amazon.jobs/en/search.json"",""field_map"":{""location"":""location"",""position_key"":""id"",""title"":""title""},""headers"":{""Accept"":""application/json"",""Referer"":""https://www.amazon.jobs/en/search?base_query=intern""},""list_path"":""jobs"",""method"":""GET"",""pagination"":{""max_pages"":5,""mode"":""offset"",""page_param"":""offset"",""page_size"":100,""size_param"":""result_limit"",""start_offset"":0,""total_kind"":""items""},""params"":{""base_query"":""intern"",""offset"":0,""result_limit"":100},""request_delay_seconds"":1,""row_filters"":[{""equals_any"":[""CHN""],""path"":""country_code""}],""total_path"":""hits""}",false
苹果中国,foreign,消费电子/科技,apple.com,website,https://jobs.apple.com/en-us/search?location=china-CHNC&team=internships-STDNT-INTRN,,T3 stable source F06; work/phase-02-t3-api-acceptance-cycle-16-seven-sources.json; official page https://jobs.apple.com/en-us/search?location=china-CHNC&team=internships-STDNT-INTRN; Apple Careers 官方筛选页同时限定 China 与 Students: Internships,embedded_jobs,"{""batch"":{""deadline"":"""",""identity_key"":""phase-02:f06"",""official_page_url"":""https://jobs.apple.com/en-us/search?location=china-CHNC&team=internships-STDNT-INTRN"",""published_on"":"""",""recruitment_type"":""internship"",""target_audience"":""实习生"",""title"":""苹果中国实习招聘""},""field_map"":{""application_url"":"""",""location"":""locations[].name"",""position_key"":""id"",""title"":""postingTitle"",""updated_at"":""""},""headers"":{""Accept"":""text/html""},""list_path"":""loaderData.search.searchResults"",""response_transform"":""apple_hydration"",""row_filters"":[],""total_path"":""loaderData.search.totalRecords""}",false
一汽-大众汽车有限公司,joint_venture,汽车制造,faw-vw.com,ats,https://faw-vw.hotjob.cn/,https://www.faw-vw.com/home,T3 stable source J02; work/phase-02-t3-api-acceptance-cycle-17-faw-midea-pagination.json; official page https://faw-vw.hotjob.cn/; 一汽-大众招聘入口跳转到 faw-zhaopin.hotjob.cn 的公开校招页,ats_json_api,"{""batch"":{""deadline"":"""",""identity_key"":""phase-02:j02"",""official_page_url"":""https://faw-vw.hotjob.cn/"",""published_on"":"""",""recruitment_type"":""campus_recruitment"",""target_audience"":""2026届"",""title"":""一汽-大众汽车有限公司校园招聘""},""body"":{""coordinateLat"":"""",""coordinateLng"":"""",""currentPage"":""1"",""pageSize"":""10"",""recruitType"":""1""},""body_encoding"":""form"",""endpoint"":""https://faw-zhaopin.hotjob.cn/wecruit/positionInfo/listPosition/SU64bb3226bef57c7e364a7a2c?iSaJAx=isAjax&request_locale=zh_CN"",""field_map"":{""location"":""workPlaceStr"",""position_key"":""postId"",""title"":""postName""},""headers"":{""Accept"":""application/json"",""Referer"":""https://faw-zhaopin.hotjob.cn/""},""list_path"":""data.pageForm.pageData"",""method"":""POST"",""pagination"":{""max_pages"":5,""mode"":""page_index"",""page_param"":""currentPage"",""page_size"":10,""size_param"":""pageSize"",""start_page"":1,""total_kind"":""items""},""request_delay_seconds"":1,""row_filters"":[{""equals_any"":[""2026校园招聘""],""path"":""projectName""}],""total_path"":""data.pageForm.dataCount""}",false
美的集团,private,制造/家电,midea.com,api,https://careers.midea.com/schoolOut/post?type=2,,T3 stable source P17; work/phase-02-t3-api-acceptance-cycle-17-faw-midea-pagination.json; official page https://careers.midea.com/schoolOut/post?type=2; 美的官网人才招聘入口直达 careers.midea.com，projectRuleId 对应日常实习生招聘通道,json_api,"{""batch"":{""deadline"":"""",""identity_key"":""phase-02:p17"",""official_page_url"":""https://careers.midea.com/schoolOut/post?type=2"",""published_on"":"""",""recruitment_type"":""internship"",""target_audience"":""实习生"",""title"":""美的集团实习招聘""},""body"":{""keyword"":null,""pageIndex"":1,""pageSize"":10,""projectRuleId"":""4286dfd5-d9e8-4146-8f8c-98093833a81b"",""recruitCategoryIds"":[],""workPlaceCodes"":[]},""body_encoding"":""json"",""endpoint"":""https://careers.midea.com/backend/school/position/common/position/list"",""field_map"":{""location"":""workplaceDtoList[].workPlaceName||workPlaceCode"",""position_key"":""projectPositionId"",""title"":""projectPositionName""},""headers"":{""Accept"":""application/json"",""Referer"":""https://careers.midea.com/""},""list_path"":""data.data"",""method"":""POST"",""pagination"":{""max_pages"":20,""mode"":""page_index"",""page_param"":""pageIndex"",""page_size"":10,""size_param"":""pageSize"",""start_page"":1,""total_kind"":""items""},""request_delay_seconds"":1,""row_filters"":[],""total_path"":""data.total""}",false
携程集团,private,旅游/互联网,ctrip.com,api,https://careers.ctrip.com/#/campus/jobList,,T3 stable source P02; work/phase-02-t3-api-acceptance-cycle-18-evidence-backfill.json; official page https://careers.ctrip.com/#/campus/jobList; 携程官方招聘站的校园招聘岗位页与同域公开接口,json_api,"{""batch"":{""deadline"":"""",""identity_key"":""phase-02:p02"",""official_page_url"":""https://careers.ctrip.com/#/campus/jobList"",""published_on"":"""",""recruitment_type"":""campus_recruitment"",""target_audience"":""应届毕业生"",""title"":""携程集团校园招聘""},""body"":{""condition"":{""bucode"":[],""category"":2,""city"":[],""country"":[],""fromId"":[],""jobFamilyCode"":[],""jobFamilyGroupCode"":[],""keyword"":"""",""kind"":[""1""]},""head"":{""language"":""zh_CN"",""version"":""1""},""pager"":{""index"":1,""size"":100}},""body_encoding"":""json"",""endpoint"":""https://careers.ctrip.com/api/hrrecruit/getJobAd"",""field_map"":{""location"":""cityName"",""position_key"":""jobId"",""title"":""jobTitle""},""headers"":{""Accept"":""application/json"",""Referer"":""https://careers.ctrip.com/#/campus/jobList""},""list_path"":""retValue.recruitJobAdList"",""method"":""POST"",""pagination"":{""max_pages"":5,""mode"":""page_index"",""page_param"":""pager.index"",""page_size"":100,""size_param"":""pager.size"",""start_page"":1,""total_kind"":""items""},""request_delay_seconds"":1,""row_filters"":[{""equals_any"":[""应届校招生"",""Fresh Graduates""],""path"":""kindName""}],""success"":{""expect"":""201"",""path"":""retCode""},""total_path"":""retValue.total""}",false
大疆创新,private,智能硬件/机器人,dji.com,ats,https://apply.careers.dji.com/campus-recruitment/dji/143359?locale=zh-CN#/jobs,https://careers.dji.com/zh-CN/campus,T3 stable source P14; work/phase-02-t3-api-acceptance-cycle-18-evidence-backfill.json; official page https://apply.careers.dji.com/campus-recruitment/dji/143359?locale=zh-CN#/jobs; 大疆官方 2027 校招页直链 apply.careers.dji.com 的 Moka 校招租户,moka_public_api,"{""batch"":{""deadline"":"""",""identity_key"":""phase-02:p14"",""official_page_url"":""https://apply.careers.dji.com/campus-recruitment/dji/143359?locale=zh-CN#/jobs"",""published_on"":"""",""recruitment_type"":""campus_recruitment"",""target_audience"":""2027届"",""title"":""大疆创新校园招聘""},""batch_partitions"":[{""batch"":{""deadline"":"""",""identity_key"":""official-project:dji:tuojiangzhe:2027"",""official_page_url"":""https://apply.careers.dji.com/campus-recruitment/dji/143359?locale=zh-CN#/jobs"",""published_on"":"""",""recruitment_type"":""campus_recruitment"",""target_audience"":""2027届毕业生"",""title"":""大疆创新 2027 拓疆者校园招聘""},""row_filters"":[{""not_equals_any"":[132985],""path"":""attribute_id""}]},{""batch"":{""deadline"":"""",""identity_key"":""official-project:dji:digital-management:2027"",""official_page_url"":""https://apply.careers.dji.com/campus-recruitment/dji/143359?locale=zh-CN#/jobs"",""published_on"":"""",""recruitment_type"":""special_program"",""target_audience"":""2027届及优秀2026届理工科毕业生"",""title"":""大疆创新数字管理构建者计划""},""row_filters"":[{""equals_any"":[132985],""path"":""attribute_id""}]}],""max_pages"":5,""mode"":""campus"",""org_id"":""dji"",""page_size"":100,""request_delay_seconds"":1,""site_id"":143359}",false
吉利控股,private,汽车制造,geely.com,ats,https://campus.geely.com/campus-recruitment/geely/98148#/,https://campus.geely.com/,T3 stable source P16; work/phase-02-t3-api-acceptance-cycle-18-evidence-backfill.json; official page https://campus.geely.com/campus-recruitment/geely/98148#/; 吉利官方 campus.geely.com 的 Moka 校招租户,moka_public_api,"{""batch"":{""deadline"":"""",""identity_key"":""phase-02:p16"",""official_page_url"":""https://campus.geely.com/campus-recruitment/geely/98148#/"",""published_on"":"""",""recruitment_type"":""campus_recruitment"",""target_audience"":""应届毕业生"",""title"":""吉利控股校园招聘""},""max_pages"":5,""mode"":""campus"",""org_id"":""geely"",""page_size"":100,""request_delay_seconds"":1,""site_id"":98148}",false
东风日产乘用车公司,joint_venture,汽车制造,dongfeng-nissan.com.cn,api,https://www.dongfeng-nissan.com.cn/about/recruit/intern,,T3 stable source J04; work/phase-02-t3-api-acceptance-cycle-18-evidence-backfill.json; official page https://www.dongfeng-nissan.com.cn/about/recruit/intern; 东风日产官网实习招聘页的公开脚本声明同集团 api.dongfeng-nissan.com.cn 接口和 categoryCode=3,json_api,"{""batch"":{""deadline"":"""",""identity_key"":""phase-02:j04"",""official_page_url"":""https://www.dongfeng-nissan.com.cn/about/recruit/intern"",""published_on"":"""",""recruitment_type"":""internship"",""target_audience"":""实习生"",""title"":""东风日产乘用车公司实习招聘""},""body"":{""categoryCode"":""3"",""jobCategoryCode"":""-1"",""jobTitle"":"""",""pageCount"":""10"",""pageNum"":""1"",""publishDateCode"":""-1"",""workCityCode"":""-1""},""body_encoding"":""form"",""endpoint"":""https://api.dongfeng-nissan.com.cn/api/NissanXBeisenAPI/GetJobList"",""field_map"":{""location"":""workCity||workProvince"",""position_key"":""id"",""title"":""jobTitle""},""headers"":{""Accept"":""application/json"",""Origin"":""https://www.dongfeng-nissan.com.cn"",""Referer"":""https://www.dongfeng-nissan.com.cn/about/recruit/intern""},""list_path"":""data"",""method"":""POST"",""pagination"":{""max_pages"":5,""mode"":""page_index"",""page_param"":""pageNum"",""page_size"":10,""size_param"":""pageCount"",""start_page"":1,""total_kind"":""items""},""request_delay_seconds"":1,""row_filters"":[],""stop_on_short_page"":true,""success"":{""expect"":true,""path"":""success""}}",false
博世中国,foreign,汽车/工业技术,bosch.com.cn,ats,https://www.bosch.com.cn/careers/job-offers/,https://www.bosch.com.cn/careers/job-offers/,T3 stable source F05; work/phase-02-t3-api-acceptance-cycle-18-evidence-backfill.json; official page https://www.bosch.com.cn/careers/job-offers/; 博世中国官网职位页使用 SmartRecruiters 的 BoschGroup 公开租户,ats_json_api,"{""batch"":{""deadline"":"""",""identity_key"":""phase-02:f05"",""official_page_url"":""https://www.bosch.com.cn/careers/job-offers/"",""published_on"":"""",""recruitment_type"":""campus_recruitment"",""target_audience"":""2027届"",""title"":""博世中国校园招聘""},""body_encoding"":""query"",""endpoint"":""https://api.smartrecruiters.com/v1/companies/BoschGroup/postings"",""field_map"":{""location"":""location.fullLocation||location.city"",""position_key"":""id"",""title"":""name""},""headers"":{""Accept"":""application/json"",""Referer"":""https://www.bosch.com.cn/careers/job-offers/""},""list_path"":""content"",""method"":""GET"",""pagination"":{""max_pages"":5,""mode"":""offset"",""page_param"":""offset"",""page_size"":100,""size_param"":""limit"",""start_offset"":0,""total_kind"":""items""},""params"":{""country"":""cn"",""limit"":100,""offset"":0,""q"":""校招""},""request_delay_seconds"":1,""row_filters"":[{""contains_any"":[""27届校招""],""path"":""name""}],""total_path"":""totalFound""}",false
广汽丰田汽车有限公司,joint_venture,汽车制造,gac-toyota.com.cn,ats,https://gac-toyota.zhiye.com/campus/,https://www.gac-toyota.com.cn/,T3 stable source J03; work/phase-02-t3-api-acceptance-cycle-18-evidence-backfill.json; official page https://gac-toyota.zhiye.com/campus/; 广汽丰田官网直链的北森校园招聘页；服务端 HTML 直接给出岗位表,embedded_jobs,"{""batch"":{""deadline"":"""",""identity_key"":""phase-02:j03"",""official_page_url"":""https://gac-toyota.zhiye.com/campus/"",""published_on"":"""",""recruitment_type"":""campus_recruitment"",""target_audience"":""应届毕业生"",""title"":""广汽丰田汽车有限公司校园招聘""},""field_map"":{""application_url"":""href"",""location"":""location"",""position_key"":""id"",""title"":""title"",""updated_at"":""""},""headers"":{""Accept"":""text/html""},""list_path"":""jobs"",""response_transform"":""gac_toyota_html"",""row_filters"":[{""contains_any"":[""应届可投""],""path"":""title""}],""total_path"":""total""}",false
